date,close,open,high,low      
01/21/2024,17462.75,17462.75,17462.75,17462.75
01/20/2024,17462.75,17462.75,17462.75,17462.75
01/19/2024,17438.50,17116.00,17471.25,17107.25
01/18/2024,17110.00,16854.50,17125.75,16834.25
01/17/2024,16869.75,16978.00,16982.00,16689.25
01/16/2024,16966.50,16961.75,17033.75,16811.75
01/15/2024,16936.25,16946.75,17022.75,16933.50
01/14/2024,16945.25,16955.25,16964.00,16939.00
01/13/2024,16955.25,16955.25,16955.25,16955.20
01/12/2024,16969.25,16957.75,17042.50,16866.50
01/11/2024,16966.25,16955.00,17057.00,16753.00
01/10/2024,16945.25,16829.50,16983.00,16801.50
01/09/2024,16830.25,16788.00,16868.50,16657.75
01/08/2024,16803.75,16470.00,16811.25,16378.25
01/06/2024,16465.00,16465.00,16465.00,16465.00
01/05/2024,16460.25,16455.00,16577.25,16334.25     
01/04/2024,16445.00,16545.25,16587.25,16436.00      
01/03/2024,16538.00,16736.75,16737.25,16522.00      
01/02/2024,16720.00,17019.00,17038.50,16622.50      
01/01/2024,17029.50,17018.25,17037.00,17014.75   
12/31/2023,17003.75,17003.75,17003.75,17003.00
12/30/2023,17003.75,17003.75,17003.75,17003.70
12/29/2023,17023.50,17090.25,17131.00,16938.25      
12/28/2023,17090.50,17127.00,17165.25,17077.75      
12/27/2023,17113.25,17090.25,17133.00,17055.50     
12/26/2023,17083.50,16964.50,17111.25,16964.50     
12/25/2023,17004.00,16991.75,17011.00,16985.00   
12/24/2023,16962.50,16962.50,16962.50,16962.00
12/23/2023,16962.50,16962.50,16962.50,16962.50
12/22/2023,16980.00,16956.00,17041.50,16891.50     
12/21/2023,16956.50,16790.25,16970.25,16790.25     
12/20/2023,16766.25,17024.00,17073.50,16758.50      
12/19/2023,17023.00,16917.00,17029.50,16910.75     
12/18/2023,16939.75,16820.25,16974.00,16802.25     
12/16/2023,16815.00,16815.00,16815.00,16815.00
12/15/2023,16820.25,16739.25,16887.25,16732.25   
12/14/2023,16753.00,16777.50,16885.00,16628.00   
12/13/2023,16777.25,16596.00,16806.50,16576.00     
12/12/2023,16575.50,16453.00,16600.00,16396.50     
12/11/2023,16450.00,16301.25,16460.00,16256.25     
12/09/2023,16094.00,16094.00,16094.00,16094.00
12/08/2023,16308.75,16222.00,16329.00,16098.00     
12/07/2023,16244.75,16007.00,16271.75,15994.00    
12/06/2023,16017.25,16098.75,16241.25,16004.50     
12/05/2023,16110.25,16054.25,16162.50,15961.00    
12/04/2023,16069.50,16220.25,16220.25,15920.25    
12/02/2023,16030.25,16030.25,16030.25,16030.00
12/01/2023,16023.75,15955.00,16050.00,15864.00     
11/30/2023,15985.50,16040.25,16098.50,15856.00      
11/29/2023,16023.75,16055.50,16208.50,16013.50      
11/28/2023,16048.00,16005.25,16071.50,15945.25     
11/27/2023,16008.75,16008.00,16089.25,15938.75      
11/24/2023,16021.00,16036.75,16086.50,15981.75      
11/23/2023,16065.00,16045.75,16086.25,16038.50    
11/22/2023,16049.25,15967.25,16173.50,15942.75     
11/21/2023,15990.25,16087.50,16122.50,15912.00     
11/20/2023,16086.50,15895.00,16116.75,15837.25     
11/18/2023,15874.25,15874.25,15874.25,15874.20
11/17/2023,15895.75,15897.75,15940.00,15825.00      
11/16/2023,15897.50,15846.75,15906.75,15796.75     
11/15/2023,15889.25,15895.00,16049.50,15832.25     
11/14/2023,15879.75,15558.00,15918.75,15552.00     
11/13/2023,15547.00,15586.25,15601.25,15465.25      
11/10/2023,15596.25,15254.75,15612.75,15207.25     
11/09/2023,15256.00,15356.25,15453.75,15236.75      
11/08/2023,15386.50,15373.00,15417.50,15286.75     
11/07/2023,15374.25,15215.00,15412.25,15176.00     
11/06/2023,15232.50,15187.00,15257.50,15138.00     
11/03/2023,15178.75,14928.00,15228.50,14925.50     
11/02/2023,14998.00,14761.25,15017.25,14760.00     
11/01/2023,14744.50,14460.00,14762.00,14410.75     
10/31/2023,14490.25,14410.50,14503.75,14311.25     
10/30/2023,14416.50,14336.00,14476.50,14303.00     
10/27/2023,14265.25,14248.25,14407.75,14209.75     
10/26/2023,14194.00,14425.00,14459.00,14140.25      
10/25/2023,14478.25,14828.00,14855.00,14444.00      
10/24/2023,14846.50,14744.00,14948.75,14706.00     
10/23/2023,14712.00,14680.00,14853.75,14514.25     
10/20/2023,14664.00,14850.00,14887.50,14645.00      
10/19/2023,14890.00,15045.00,15138.25,14839.50    
10/18/2023,15025.25,15236.50,15238.25,14979.25      
10/17/2023,15240.75,15305.75,15309.25,15050.25      
10/16/2023,15289.50,15120.00,15336.75,15083.00     
10/13/2023,15120.25,15324.00,15366.75,15062.25      
10/12/2023,15315.00,15407.50,15468.75,15216.25      
10/11/2023,15380.00,15282.25,15416.75,15253.00     
10/10/2023,15270.75,15196.50,15383.50,15171.75     
10/09/2023,15187.00,15040.25,15212.75,14949.50     
10/06/2023,15112.00,14853.75,15160.25,14660.00     
10/05/2023,14861.75,14903.00,14958.75,14716.25      
10/04/2023,14923.75,14713.75,14956.00,14589.00     
10/03/2023,14714.50,14989.50,15031.00,14651.50      
10/02/2023,14984.75,14965.00,15046.00,14826.00     
09/29/2023,14866.50,14876.50,15060.75,14811.00     
09/28/2023,14859.75,14772.50,14947.50,14658.00     
09/27/2023,14739.00,14725.25,14821.50,14586.00     
09/26/2023,14715.00,14949.00,14949.00,14666.25      
09/25/2023,14935.25,14880.25,14955.75,14782.25     
09/22/2023,14869.50,14854.50,15027.50,14836.25     
09/21/2023,14862.75,15133.25,15149.00,14841.00      
09/20/2023,15152.00,15375.25,15436.25,15127.00      
09/19/2023,15375.25,15424.25,15442.25,15248.50      
09/18/2023,15414.50,15382.25,15461.00,15330.50     
09/15/2023,15392.25,15677.00,15719.75,15356.75      
09/14/2023,15673.50,15569.00,15714.50,15531.00     
09/13/2023,15552.25,15500.75,15619.75,15406.00     
09/12/2023,15500.00,15662.25,15680.00,15483.75      
09/11/2023,15674.25,15501.75,15696.00,15492.75     
09/09/2023,15313.00,15313.00,15313.00,15313.00
09/08/2023,15493.75,15480.25,15586.50,15417.00     
09/07/2023,15477.25,15586.25,15590.00,15352.00     
09/06/2023,15595.50,15711.75,15730.00,15506.75     
09/05/2023,15732.00,15709.00,15784.25,15613.00    
09/04/2023,15526.75,15517.25,15578.25,15511.25    
09/03/2023,15516.50,15516.25,15525.50,15501.00   
09/01/2023,15516.25,15534.00,15661.25,15454.00      
08/31/2023,15538.50,15513.75,15606.75,15460.00     
08/30/2023,15501.25,15427.50,15522.75,15361.50     
08/29/2023,15415.75,15098.75,15430.50,15049.75     
08/28/2023,15092.50,14991.00,15126.50,14973.50     
08/25/2023,14979.25,14833.00,15048.75,14751.75     
08/24/2023,14862.00,15333.00,15418.00,14817.00      
08/23/2023,15195.50,14959.75,15356.75,14957.25     
08/22/2023,14958.50,14974.50,15118.25,14932.00      
08/21/2023,14985.75,14762.50,15013.75,14720.50     
08/18/2023,14744.00,14748.00,14802.75,14609.25      
08/17/2023,14778.00,14940.25,15018.25,14738.25      
08/16/2023,14942.25,15110.75,15166.00,14921.50      
08/15/2023,15106.50,15279.00,15335.00,15074.75      
08/14/2023,15270.25,15104.00,15282.00,15020.75     
08/11/2023,15095.75,15219.00,15266.75,15037.25      
08/10/2023,15201.25,15202.50,15442.25,15136.00     
08/09/2023,15178.25,15351.75,15432.50,15146.50      
08/08/2023,15354.25,15495.00,15497.75,15218.00      
08/07/2023,15485.50,15370.50,15495.50,15334.25     
08/04/2023,15354.00,15441.00,15610.25,15336.50      
08/03/2023,15438.75,15455.75,15551.75,15339.50      
08/02/2023,15473.00,15757.00,15789.75,15414.00      
08/01/2023,15817.25,15869.25,15889.25,15728.25      
07/31/2023,15857.50,15850.00,15917.00,15791.25     
07/28/2023,15847.50,15580.00,15896.00,15546.25     
07/27/2023,15571.00,15638.75,15904.00,15511.25      
07/26/2023,15610.75,15730.25,15739.25,15515.00      
07/25/2023,15673.00,15570.00,15736.25,15549.25     
07/24/2023,15561.25,15556.00,15618.75,15483.75     
07/22/2023,15555.00,15555.00,15555.00,15555.00
07/21/2023,15540.00,15590.75,15719.25,15522.25      
07/20/2023,15592.25,15922.75,15925.75,15547.00      
07/19/2023,15959.25,15949.25,16062.75,15911.25      
07/18/2023,15974.75,15832.00,16029.75,15733.00     
07/17/2023,15840.75,15690.00,15882.75,15661.50     
07/14/2023,15694.25,15699.00,15857.25,15663.00      
07/13/2023,15711.50,15457.75,15741.25,15456.50     
07/12/2023,15444.75,15258.00,15507.75,15254.50     
07/11/2023,15260.00,15195.75,15278.75,15109.50     
07/10/2023,15187.00,15198.50,15218.25,15063.25     
07/07/2023,15181.75,15211.75,15359.75,15172.25      
07/06/2023,15238.00,15353.75,15366.00,15111.50      
07/05/2023,15360.75,15357.00,15432.00,15255.25     
07/04/2023,15340.75,15336.50,15368.25,15334.50     
07/03/2023,15364.75,15331.00,15392.00,15308.00     
06/30/2023,15337.00,15106.00,15376.75,15099.00     
06/29/2023,15100.25,15161.00,15202.75,15028.50      
06/28/2023,15130.00,15088.25,15219.00,15021.25     
06/27/2023,15111.50,14875.00,15139.25,14862.25     
06/26/2023,14856.50,15057.75,15152.50,14853.50      
06/23/2023,15058.25,15236.00,15236.00,14985.25      
06/22/2023,15214.75,15038.75,15238.00,14964.00     
06/21/2023,15044.00,15247.50,15273.25,15002.25      
06/20/2023,15256.50,15303.25,15322.50,15126.50     
06/19/2023,15249.00,15302.25,15305.50,15230.50     
06/18/2023,15302.75,15303.00,15321.00,15300.75    
06/16/2023,15316.61,15181.25,15324.00,15130.50    
06/15/2023,15188.00,15038.00,15252.00,14878.00     
06/14/2023,15012.75,14925.00,15061.50,14793.00     
06/13/2023,14914.25,14824.00,14967.75,14779.50      
06/12/2023,14986.75,14734.50,15011.50,14732.00     
06/09/2023,14735.75,14692.25,14866.75,14635.50     
06/08/2023,14678.75,14489.75,14702.75,14425.00    
06/07/2023,14331.50,14594.50,14675.00,14305.50      
06/06/2023,14586.50,14582.00,14623.75,14504.50      
06/05/2023,14588.75,14577.00,14694.75,14512.75     
06/02/2023,14575.25,14494.00,14627.75,14468.25     
06/01/2023,14472.25,14289.50,14528.25,14248.25     
05/31/2023,14300.50,14397.25,14429.00,14251.25      
05/30/2023,14396.75,14437.50,14570.00,14336.75     
05/29/2023,14386.25,14416.50,14445.25,14367.50     
05/28/2023,14418.00,14439.25,14439.25,14402.00    
05/26/2023,14332.50,13977.75,14369.00,13924.50     
05/25/2023,13976.50,13877.00,14031.25,13803.00     
05/24/2023,13650.25,13729.00,13845.75,13566.50      
05/23/2023,13728.75,13913.25,13979.25,13710.00      
05/22/2023,13902.50,13805.50,13946.75,13794.25     
05/19/2023,13858.00,13908.50,13960.25,13814.25      
05/18/2023,13894.00,13640.50,13913.00,13628.25     
05/17/2023,13643.50,13498.50,13669.00,13474.25     
05/16/2023,13483.25,13461.00,13554.50,13426.25     
05/15/2023,13468.00,13378.75,13480.00,13350.00     
05/12/2023,13396.25,13446.00,13494.25,13310.50      
05/11/2023,13446.50,13410.00,13470.25,13361.50     
05/10/2023,13409.50,13258.75,13446.75,13202.75     
05/09/2023,13264.75,13338.50,13347.00,13250.50      
05/08/2023,13352.25,13316.00,13368.00,13254.50     
05/05/2023,13317.75,13060.00,13359.00,13055.75     
05/04/2023,13043.75,13064.00,13173.00,13001.75      
05/03/2023,13100.75,13162.00,13314.00,13080.00      
05/02/2023,13184.50,13290.00,13334.75,13110.25      
05/01/2023,13306.75,13317.00,13370.25,13258.75      
04/28/2023,13320.25,13215.00,13336.00,13169.00     
04/27/2023,13231.25,12965.00,13333.00,12936.00     
04/26/2023,12887.75,12940.00,13012.25,12863.75     
04/25/2023,12809.50,13050.25,13059.50,12800.00      
04/24/2023,13056.50,13070.00,13134.00,12967.25      
04/21/2023,13090.50,13089.00,13122.00,12982.50     
04/20/2023,13074.25,13162.00,13200.00,13021.75      
04/19/2023,13183.00,13170.50,13226.75,13065.00      
04/18/2023,13193.00,13184.00,13298.75,13138.00     
04/17/2023,13186.50,13212.50,13218.00,13076.75     
04/14/2023,13181.25,13183.00,13255.00,13058.00      
04/13/2023,13209.75,12957.00,13228.00,12925.50     
04/12/2023,12952.25,13073.75,13241.75,12937.75      
04/11/2023,13074.75,13163.25,13208.75,13053.50      
04/10/2023,13158.00,13179.75,13203.25,12967.50      
04/07/2023,13170.75,13162.75,13192.25,13122.00    
04/06/2023,13170.75,13072.75,13191.00,12953.25     
04/05/2023,13079.75,13230.00,13247.25,13006.00      
04/04/2023,13219.00,13259.00,13348.75,13168.25      
04/03/2023,13270.00,13262.00,13278.75,13154.00      
03/31/2023,13301.75,13084.25,13311.50,13057.50     
03/30/2023,13082.00,12962.50,13111.75,12931.50     
03/29/2023,12965.00,12745.50,12994.00,12742.00     
03/28/2023,12732.50,12810.50,12833.50,12634.25      
03/27/2023,12788.50,12916.00,12984.50,12765.50      
03/24/2023,12890.25,12871.50,12924.75,12728.00     
03/23/2023,12854.00,12695.00,13031.00,12694.25     
03/22/2023,12707.00,12873.25,13082.00,12678.00      
03/21/2023,12867.25,12699.75,12898.25,12676.50     
03/20/2023,12688.50,12690.00,12750.00,12525.25     
03/17/2023,12594.65,12575.75,12636.50,12531.75   
03/16/2023,12583.00,12264.50,12600.50,12189.25     
03/15/2023,12247.75,12200.75,12280.00,11972.00     
03/14/2023,12207.00,11960.00,12223.00,11921.75     
03/13/2023,11931.75,11894.75,12095.75,11674.25      
03/10/2023,11969.00,12138.50,12249.25,11925.75      
03/09/2023,12144.25,12379.75,12493.25,12114.25     
03/08/2023,12368.75,12317.75,12394.00,12247.75    
03/07/2023,12308.00,12451.00,12519.75,12281.75     
03/06/2023,12460.50,12444.25,12623.00,12413.75   
03/03/2023,12311.25,12049.00,12329.00,12012.00     
03/02/2023,12062.00,11967.00,12096.25,11832.50     
03/01/2023,11961.75,12041.25,12141.75,11924.75      
02/28/2023,12072.25,12093.50,12172.75,12025.75      
02/27/2023,12083.25,12003.00,12189.50,11990.00     
02/24/2023,11997.00,12190.00,12214.50,11923.00      
02/23/2023,12207.50,12176.25,12261.00,12028.50     
02/22/2023,12097.50,12108.00,12190.50,12034.00     
02/21/2023,12096.75,12380.00,12417.75,12090.25      
02/20/2023,12378.50,12358.75,12416.75,12346.75    
02/19/2023,12358.75,12370.25,12382.00,12347.50    
02/17/2023,12390.00,12462.50,12466.25,12265.75      
02/16/2023,12482.50,12740.00,12792.75,12455.25      
02/15/2023,12730.00,12620.75,12756.50,12524.25     
02/14/2023,12631.00,12547.25,12687.00,12390.50     
02/13/2023,12540.50,12357.50,12567.00,12265.25     
02/10/2023,12346.25,12448.75,12451.50,12243.25      
02/09/2023,12425.50,12555.00,12728.50,12366.50      
02/08/2023,12545.25,12747.00,12808.50,12512.75      
02/07/2023,12776.75,12513.00,12818.50,12459.25     
02/06/2023,12515.50,12572.00,12608.50,12455.75      
02/03/2023,12624.00,12748.25,12878.00,12551.25      
02/02/2023,12846.75,12520.00,12949.75,12501.75     
02/01/2023,12414.25,12116.00,12524.50,12055.25     
01/31/2023,12152.00,11984.00,12156.00,11871.00     
01/30/2023,11968.00,12212.50,12252.00,11960.00      
01/27/2023,12222.25,12049.00,12308.50,12016.00     
01/26/2023,12106.75,11874.75,12113.00,11867.25     
01/25/2023,11873.25,11970.50,11976.50,11604.50      
01/24/2023,11909.50,11933.00,12010.50,11835.75      
01/23/2023,11934.00,11676.75,11983.00,11650.50     
01/20/2023,11677.00,11401.00,11686.75,11365.25     
01/19/2023,11356.50,11470.50,11487.00,11308.50      
01/18/2023,11475.75,11619.75,11759.50,11468.00      
01/17/2023,11624.50,11613.50,11685.00,11510.25     
01/16/2023,11586.25,11585.25,11637.25,11512.00     
01/15/2023,11587.00,11617.75,11619.00,11583.25    
01/13/2023,11608.00,11528.50,11619.50,11389.00     
01/12/2023,11534.25,11474.50,11579.75,11291.00     
01/11/2023,11476.50,11282.50,11479.50,11239.75     
01/10/2023,11282.00,11184.75,11288.75,11094.00     
01/09/2023,11185.50,11126.50,11385.50,11120.25     
01/06/2023,11113.50,10838.75,11165.75,10751.00     
01/05/2023,10820.25,10988.50,11046.75,10805.00      
01/04/2023,10999.25,10941.25,11068.50,10863.50     
01/03/2023,10945.50,11122.50,11182.00,10844.75      
01/02/2023,11053.00,11041.75,11140.50,11037.75   
01/01/2023,11041.75,11041.75,11041.75,11041.00
12/30/2022,11022.25,11033.50,11051.50,10855.50      
12/29/2022,11032.75,10785.75,11071.50,10777.50     
12/28/2022,10772.75,10915.75,10996.50,10758.75      
12/27/2022,10915.50,11104.00,11183.75,10896.00      
12/26/2022,11157.00,11137.00,11162.50,11118.25   
12/25/2022,11067.00,11067.00,11067.00,11067.000
12/23/2022,11075.25,11061.00,11143.00,10916.25     
12/22/2022,11054.25,11357.00,11384.75,10870.50      
12/21/2022,11334.50,11206.50,11389.75,11181.00     
12/20/2022,11175.75,11182.50,11247.00,11043.50      
12/19/2022,11193.25,11328.75,11411.00,11131.75      
12/16/2022,11327.04,11340.25,11381.25,11206.50    
12/15/2022,11347.25,11758.75,11779.50,11298.25      
12/14/2022,11750.75,11839.00,11948.50,11613.75      
12/13/2022,11839.75,11691.25,12229.50,11680.50     
12/12/2022,11711.75,11553.00,11716.00,11522.75     
12/09/2022,11569.75,11641.50,11748.00,11517.00      
12/08/2022,11645.50,11500.00,11685.75,11433.00     
12/07/2022,11509.50,11566.00,11596.25,11422.50      
12/06/2022,11566.00,11812.00,11846.25,11502.00      
12/05/2022,11805.75,12000.50,12015.75,11745.50      
12/02/2022,12010.25,12039.75,12067.75,11740.50      
12/01/2022,12062.75,12079.25,12145.00,11943.25     
11/30/2022,12042.25,11520.00,12078.50,11497.75     
11/29/2022,11524.75,11625.00,11704.50,11465.00      
11/28/2022,11616.25,11731.25,11788.50,11575.25      
11/25/2022,11782.75,11878.00,11933.00,11766.25      
11/24/2022,11917.75,11888.00,11932.75,11874.50    
11/23/2022,11862.75,11741.50,11892.75,11720.00     
11/22/2022,11754.50,11588.00,11759.25,11526.50     
11/21/2022,11588.00,11723.00,11756.00,11553.00      
11/18/2022,11708.00,11747.75,11843.00,11607.00      
11/17/2022,11710.50,11777.75,11827.50,11528.25      
11/16/2022,11739.50,11882.00,11963.00,11706.50      
11/15/2022,11904.25,11768.50,12118.75,11761.75     
11/14/2022,11734.75,11791.00,11898.50,11702.00      
11/11/2022,11848.00,11669.75,11876.75,11569.25     
11/10/2022,11632.25,10841.00,11677.00,10808.00     
11/09/2022,10830.75,11089.25,11164.25,10822.25      
11/08/2022,11094.25,11016.00,11231.25,10928.75     
11/07/2022,11014.25,10786.50,11038.50,10751.00     
11/04/2022,10890.25,10712.00,10974.25,10636.00     
11/03/2022,10728.00,10938.00,10996.00,10708.00      
11/02/2022,10944.50,11320.25,11460.00,10909.00      
11/01/2022,11332.00,11455.00,11619.00,11288.75      
10/31/2022,11447.25,11592.50,11595.00,11367.25      
10/28/2022,11587.00,11122.75,11626.00,11062.00     
10/27/2022,11235.25,11417.75,11537.50,10921.50      
10/26/2022,11446.00,11510.00,11703.50,11415.00      
10/25/2022,11713.50,11453.75,11734.00,11430.25     
10/24/2022,11478.75,11393.75,11530.25,11207.75     
10/21/2022,11358.50,11061.25,11386.25,10935.50     
10/20/2022,11090.75,11134.00,11328.75,11008.00      
10/19/2022,11153.25,11320.25,11382.75,11049.00      
10/18/2022,11198.75,11161.25,11431.75,11081.50     
10/17/2022,11110.25,10720.00,11146.25,10713.00     
10/14/2022,10744.00,11064.75,11253.50,10726.75      
10/13/2022,11083.75,10859.00,11142.75,10484.75   
10/12/2022,10840.50,10875.00,10976.75,10805.50      
10/11/2022,10845.00,10987.00,11039.50,10767.25      
10/10/2022,10984.50,11067.75,11136.50,10876.75      
10/07/2022,11101.50,11494.50,11564.50,11043.25      
10/06/2022,11541.75,11628.00,11729.75,11505.25      
10/05/2022,11623.75,11630.25,11711.00,11366.50      
10/04/2022,11640.75,11314.50,11675.00,11281.50     
10/03/2022,11285.75,11030.00,11358.25,10890.75     
09/30/2022,11035.50,11220.00,11357.25,11024.25      
09/29/2022,11228.25,11544.00,11567.25,11091.50      
09/28/2022,11555.75,11361.00,11613.50,11141.50     
09/27/2022,11333.75,11315.50,11568.25,11233.50     
09/26/2022,11316.25,11362.50,11537.75,11256.50      
09/23/2022,11376.75,11583.75,11600.25,11229.00      
09/22/2022,11565.50,11661.25,11796.00,11510.00      
09/21/2022,11710.00,11946.00,12140.50,11647.50      
09/20/2022,11922.25,12045.75,12092.50,11828.25      
09/19/2022,12024.00,11920.00,12066.25,11792.25     
09/16/2022,11814.58,11880.00,11880.00,11750.50     
09/15/2022,11934.75,12159.00,12187.75,11866.50      
09/14/2022,12142.00,12050.25,12173.00,12001.75     
09/13/2022,12036.50,12769.50,12889.00,12003.25      
09/12/2022,12740.75,12626.00,12773.75,12573.25     
09/09/2022,12592.50,12345.25,12613.75,12329.50     
09/08/2022,12321.75,12267.75,12379.50,12115.75     
09/07/2022,12263.25,12019.75,12306.25,11921.50     
09/06/2022,12019.00,12110.50,12244.50,11930.00      
09/05/2022,12147.00,12123.25,12182.50,12056.00     
09/04/2022,12124.00,12112.25,12128.50,12055.75    
09/02/2022,12104.25,12297.75,12461.50,12040.25      
09/01/2022,12292.25,12284.75,12299.50,12017.75     
08/31/2022,12285.25,12366.00,12513.00,12276.25      
08/30/2022,12358.75,12503.50,12658.25,12247.50      
08/29/2022,12492.75,12485.00,12610.25,12401.50      
08/26/2022,12620.50,13153.75,13220.00,12557.50      
08/25/2022,13156.00,12944.00,13161.50,12925.00     
08/24/2022,12929.75,12892.00,13011.25,12825.75     
08/23/2022,12896.50,12933.75,13018.50,12823.50      
08/22/2022,12909.75,13226.50,13226.50,12874.50      
08/19/2022,13268.50,13534.25,13534.50,13228.75      
08/18/2022,13523.25,13503.00,13575.50,13410.75     
08/17/2022,13493.25,13658.00,13672.00,13406.25      
08/16/2022,13658.25,13674.75,13740.75,13522.75      
08/15/2022,13681.25,13571.50,13706.00,13495.25     
08/12/2022,13577.75,13344.25,13583.25,13312.00     
08/11/2022,13311.25,13380.50,13575.00,13285.00      
08/10/2022,13392.00,13050.00,13408.00,12982.00     
08/09/2022,13031.50,13206.25,13233.75,12963.25      
08/08/2022,13183.25,13227.75,13419.25,13120.50      
08/05/2022,13228.75,13327.25,13384.50,13085.00      
08/04/2022,13327.00,13247.00,13356.00,13184.75     
08/03/2022,13271.50,12921.00,13310.25,12867.25     
08/02/2022,12924.50,12974.25,13097.00,12814.75      
08/01/2022,12962.50,12981.00,13108.75,12851.75      
07/29/2022,12971.50,12920.25,13012.00,12744.25     
07/28/2022,12737.50,12580.00,12948.00,12449.00     
07/27/2022,12619.00,12192.00,12690.00,12191.75     
07/26/2022,12112.50,12311.25,12334.00,12072.00      
07/25/2022,12354.50,12444.50,12498.50,12266.50      
07/22/2022,12423.50,12559.25,12698.50,12343.75      
07/21/2022,12640.00,12440.00,12655.25,12373.50     
07/20/2022,12465.25,12330.50,12517.50,12235.75     
07/19/2022,12274.00,11909.50,12328.50,11889.50     
07/18/2022,11907.00,12043.50,12186.50,11857.00      
07/15/2022,12007.50,11810.50,12021.50,11740.25     
07/14/2022,11797.50,11729.50,11835.00,11511.25     
07/13/2022,11762.25,11780.00,11970.00,11479.25      
07/12/2022,11779.00,11900.50,12025.50,11712.00      
07/11/2022,11884.25,12149.75,12149.75,11853.00      
07/08/2022,12152.00,12115.00,12211.00,11952.50     
07/07/2022,12138.50,11901.25,12168.50,11836.50     
07/06/2022,11880.25,11820.25,11974.25,11727.75     
07/05/2022,11808.50,11606.00,11815.75,11389.25     
07/04/2022,11695.25,11571.75,11745.00,11501.00    
07/03/2022,11572.00,11614.25,11614.25,11562.00    
07/01/2022,11611.25,11507.50,11629.75,11381.75     
06/30/2022,11529.50,11691.50,11696.75,11351.00      
06/29/2022,11691.00,11680.50,11749.00,11564.50     
06/28/2022,11674.25,12076.25,12174.25,11661.50      
06/27/2022,12040.50,12137.50,12262.00,11994.25      
06/24/2022,12140.50,11687.75,12148.50,11684.75     
06/23/2022,11737.50,11542.75,11766.75,11460.50     
06/22/2022,11565.75,11579.75,11745.75,11320.50      
06/21/2022,11577.25,11332.50,11678.25,11273.75     
06/20/2022,11424.25,11428.00,11442.75,11274.50      
06/19/2022,11431.50,11307.75,11434.50,11307.75    
06/17/2022,11130.39,11178.50,11290.00,11130.25    
06/16/2022,11124.75,11608.50,11737.75,11036.75      
06/15/2022,11593.75,11329.75,11759.25,11327.75     
06/14/2022,11314.25,11334.25,11505.50,11205.00     
06/13/2022,11296.50,11768.00,11772.50,11254.50      
06/10/2022,11840.00,12301.50,12338.75,11823.00      
06/09/2022,12275.00,12625.00,12726.00,12255.25      
06/08/2022,12615.75,12680.50,12783.00,12579.25      
06/07/2022,12711.50,12605.25,12740.25,12412.50     
06/06/2022,12605.00,12549.75,12810.00,12527.00     
06/03/2022,12551.00,12896.00,12945.25,12503.00      
06/02/2022,12893.75,12549.75,12903.75,12442.50     
06/01/2022,12551.00,12662.50,12823.50,12454.75      
05/31/2022,12646.50,12705.25,12883.00,12480.00      
05/30/2022,12815.75,12736.75,12880.75,12720.75     
05/29/2022,12737.75,12713.25,12757.00,12673.00   
05/27/2022,12677.75,12250.00,12720.25,12222.00     
05/26/2022,12279.25,11887.50,12343.00,11848.25     
05/25/2022,11942.25,11808.00,12036.00,11672.00     
05/24/2022,11771.00,11915.00,11918.00,11576.25      
05/23/2022,12035.25,11866.00,12075.50,11783.75     
05/20/2022,11840.75,11898.00,12096.75,11491.25      
05/19/2022,11878.25,11907.00,12076.75,11704.00      
05/18/2022,11935.50,12572.00,12594.00,11862.75      
05/17/2022,12560.25,12235.50,12578.00,12234.00     
05/16/2022,12244.75,12409.00,12498.75,12190.25      
05/14/2022,12364.00,12364.00,12364.00,12364.00
05/13/2022,12382.75,11891.50,12432.00,11891.50     
05/12/2022,11947.25,12004.50,12132.75,11689.00      
05/11/2022,11969.75,12328.75,12553.25,11938.50      
05/10/2022,12349.00,12206.00,12547.00,12102.25     
05/09/2022,12193.75,12605.00,12637.25,12135.25      
05/07/2022,12663.50,12663.50,12663.50,12663.50
05/06/2022,12695.75,12883.25,12928.75,12519.00      
05/05/2022,12858.00,13500.25,13548.00,12705.25      
05/04/2022,13531.25,13121.00,13555.25,12883.00     
05/03/2022,13087.50,13051.75,13183.75,12968.50     
05/02/2022,13073.00,12892.25,13084.50,12709.75     
04/29/2022,12852.00,13219.50,13433.00,12831.75      
04/28/2022,13454.75,13191.00,13542.00,13033.00     
04/27/2022,13009.00,12881.00,13255.25,12878.25      
04/26/2022,13016.00,13523.50,13583.75,12801.50      
04/25/2022,13535.75,13334.25,13549.75,13184.00     
04/22/2022,13353.50,13720.00,13781.00,13297.00      
04/21/2022,13728.25,14070.00,14283.00,13667.50      
04/20/2022,14004.75,14104.75,14298.00,13956.50      
04/19/2022,14217.25,13962.75,14242.00,13828.00     
04/18/2022,13907.75,13892.00,14002.50,13729.50     
04/14/2022,13893.75,14211.50,14296.25,13876.50      
04/13/2022,14221.50,13952.75,14266.50,13921.00     
04/12/2022,13945.00,14006.25,14284.25,13881.25      
04/11/2022,14000.00,14345.00,14382.00,13984.75      
04/08/2022,14327.00,14536.25,14642.25,14310.50      
04/07/2022,14536.00,14496.25,14633.75,14317.00     
04/06/2022,14505.25,14861.00,14861.25,14394.75      
04/05/2022,14828.00,15155.50,15198.00,14780.25      
04/04/2022,15164.25,14846.00,15174.50,14801.00     
04/02/2022,14852.25,14852.25,14852.25,14852.20
04/01/2022,14863.75,14918.75,14960.00,14725.00      
03/31/2022,14868.75,15100.50,15180.75,14855.50      
03/30/2022,15071.50,15222.00,15262.25,15012.25      
03/29/2022,15237.75,14981.00,15268.75,14956.50     
03/28/2022,14985.25,14756.00,14997.00,14658.75     
03/25/2022,14755.75,14765.00,14840.50,14572.50      
03/24/2022,14763.75,14462.75,14769.75,14433.50     
03/23/2022,14447.00,14654.00,14682.25,14441.00      
03/22/2022,14654.00,14390.00,14690.75,14293.50     
03/21/2022,14370.50,14404.00,14466.75,14183.75      
03/20/2022,14404.50,14435.25,14435.25,14402.25   
03/18/2022,14095.31,14060.00,14081.50,13970.50    
03/17/2022,14111.75,13999.00,14136.25,13822.75     
03/16/2022,13953.00,13451.75,14029.25,13420.50     
03/15/2022,13451.75,13082.00,13489.00,12944.00     
03/14/2022,13045.50,13362.00,13447.50,13015.50      
03/11/2022,13292.00,13577.25,13860.75,13281.75      
03/10/2022,13586.00,13778.00,13778.00,13396.25      
03/09/2022,13734.75,13192.25,13821.75,13189.75     
03/08/2022,13267.00,13283.00,13666.00,13103.25      
03/07/2022,13320.75,13763.50,13879.75,13265.00      
03/04/2022,13839.75,14069.25,14086.50,13733.75      
03/03/2022,14030.50,14196.50,14391.00,13955.00      
03/02/2022,14239.25,14026.25,14290.00,13911.50     
03/01/2022,14005.50,14219.25,14327.75,13900.00      
02/28/2022,14228.00,13900.25,14292.25,13683.00     
02/25/2022,14180.50,13909.50,14196.25,13760.25     
02/24/2022,13966.50,13484.25,13983.25,13025.75   
02/23/2022,13507.50,13928.25,14068.75,13471.25      
02/22/2022,13862.75,13952.75,14157.50,13580.25   
02/21/2022,13679.50,13851.25,14156.25,13588.75      
02/20/2022,13852.25,13915.00,13951.50,13844.25     
02/18/2022,13996.00,14156.25,14299.00,13906.25      
02/17/2022,14164.75,14592.25,14619.50,14131.50      
02/16/2022,14600.00,14588.00,14668.50,14381.00      
02/15/2022,14609.50,14257.00,14614.75,14223.25     
02/14/2022,14253.00,14250.00,14394.00,14031.00     
02/11/2022,14240.50,14698.25,14766.75,14181.00      
02/10/2022,14701.00,15062.25,15062.25,14622.00      
02/09/2022,15038.25,14746.25,15068.00,14741.00     
02/08/2022,14734.50,14600.00,14776.00,14467.50     
02/07/2022,14559.75,14682.50,14806.25,14511.50      
02/04/2022,14685.50,14770.00,14825.75,14362.75     
02/03/2022,14492.25,14852.50,14870.00,14456.25      
02/02/2022,15114.50,15129.00,15260.00,14825.00     
02/01/2022,14994.75,14868.75,15137.00,14729.25     
01/31/2022,14905.00,14454.00,14914.75,14353.25     
01/28/2022,14433.00,14167.75,14442.00,13831.00     
01/27/2022,13986.75,14194.00,14409.25,13844.50      
01/26/2022,14158.50,13945.50,14639.75,13945.50     
01/25/2022,14140.75,14495.00,14499.00,13890.00      
01/24/2022,14501.00,14410.00,14582.00,13706.00   
01/21/2022,14426.50,14722.00,14858.50,14408.50    
01/20/2022,14841.00,15042.25,15340.25,14646.75      
01/19/2022,15033.50,15238.75,15372.00,15011.25      
01/18/2022,15206.00,15616.75,15653.25,15170.75      
01/17/2022,15587.50,15609.75,15629.00,15543.50     
01/16/2022,15583.00,15645.50,15645.50,15570.75    
01/14/2022,15595.75,15505.00,15621.00,15312.50     
01/13/2022,15490.25,15901.00,15979.75,15458.25      
01/12/2022,15887.25,15826.00,16009.25,15762.50     
01/11/2022,15831.00,15622.25,15839.50,15475.00     
01/10/2022,15608.00,15590.00,15669.00,15152.50     
01/07/2022,15581.00,15801.75,15852.75,15510.00      
01/06/2022,15759.00,15763.75,15895.75,15598.50      
01/05/2022,15766.50,16265.00,16269.00,15752.75      
01/04/2022,16275.75,16497.75,16564.00,16139.50      
01/03/2022,16485.50,16356.00,16508.00,16292.00     
12/31/2021,16320.75,16431.00,16464.00,16313.75      
12/30/2021,16430.25,16484.50,16567.50,16411.25      
12/29/2021,16490.50,16513.50,16564.25,16387.50     
12/28/2021,16488.00,16565.75,16659.50,16452.25      
12/27/2021,16560.00,16304.25,16580.75,16304.25     
12/23/2021,16299.00,16180.00,16356.00,16145.25     
12/22/2021,16169.75,15979.00,16183.00,15881.50     
12/21/2021,15980.00,15674.25,15987.25,15605.00     
12/20/2021,15621.25,15809.50,15851.75,15492.00      
12/17/2021,15717.32,15873.00,15902.00,15668.00    
12/16/2021,15870.50,16288.50,16459.25,15800.25      
12/15/2021,16288.00,15928.50,16302.50,15744.50     
12/14/2021,15924.75,16085.00,16133.75,15738.50      
12/13/2021,16082.00,16321.75,16411.25,16064.25      
12/10/2021,16329.75,16158.50,16335.75,16133.75     
12/09/2021,16148.75,16380.50,16420.00,16120.25      
12/08/2021,16392.25,16360.50,16436.75,16251.50     
12/07/2021,16318.00,15848.75,16374.50,15824.50     
12/06/2021,15842.75,15716.25,15897.25,15559.25     
12/04/2021,15687.50,15687.50,15687.50,15687.50
12/03/2021,15717.75,16020.00,16121.75,15538.00     
12/02/2021,15988.50,15891.75,16066.25,15762.75     
12/01/2021,15869.75,16238.75,16427.50,15825.25      
11/30/2021,16150.50,16419.00,16456.25,16068.75      
11/29/2021,16390.75,16046.50,16437.75,16038.00     
11/26/2021,16051.00,16360.00,16436.00,15988.00      
11/25/2021,16370.75,16392.25,16396.00,16359.50    
11/24/2021,16366.00,16300.25,16368.50,16102.00     
11/23/2021,16312.00,16399.00,16418.75,16118.50      
11/22/2021,16382.00,16600.25,16767.50,16364.50      
11/19/2021,16575.00,16503.25,16628.50,16490.25     
11/18/2021,16481.25,16322.50,16508.00,16303.50     
11/17/2021,16311.50,16297.75,16396.50,16270.00     
11/16/2021,16300.75,16198.50,16323.75,16142.00     
11/15/2021,16187.75,16212.25,16276.50,16082.25      
11/12/2021,16192.75,16043.75,16213.25,16001.75     
11/11/2021,16022.75,15989.00,16114.00,15976.00     
11/10/2021,15980.50,16201.25,16243.00,15896.50      
11/09/2021,16212.75,16315.50,16391.75,16160.00      
11/08/2021,16327.75,16293.00,16394.00,16256.00      
11/05/2021,16351.75,16335.00,16448.50,16292.00     
11/04/2021,16330.75,16129.50,16376.00,16129.50     
11/03/2021,16129.75,15957.75,16145.75,15935.25     
11/02/2021,15961.25,15891.00,15980.25,15849.50     
11/01/2021,15894.25,15885.25,15914.75,15768.50     
10/29/2021,15838.50,15679.75,15864.75,15595.50     
10/28/2021,15764.75,15595.00,15777.00,15591.75     
10/27/2021,15587.25,15532.25,15717.50,15507.25     
10/26/2021,15545.00,15543.00,15701.00,15503.00     
10/25/2021,15495.75,15324.25,15546.00,15295.75     
10/22/2021,15341.00,15383.00,15463.50,15273.75      
10/21/2021,15478.75,15357.50,15483.75,15301.00     
10/20/2021,15377.50,15411.00,15446.50,15319.00      
10/19/2021,15398.50,15289.75,15428.25,15269.00     
10/18/2021,15290.50,15145.00,15297.25,15038.75     
10/15/2021,15134.50,15063.75,15145.00,15020.75     
10/14/2021,15037.25,14770.25,15071.50,14767.50     
10/13/2021,14764.25,14594.00,14795.75,14591.00     
10/12/2021,14653.25,14688.50,14783.25,14585.50      
10/11/2021,14700.50,14810.25,14897.25,14677.00      
10/08/2021,14808.25,14891.25,14996.00,14790.75      
10/07/2021,14881.25,14768.00,15001.25,14767.00     
10/06/2021,14759.00,14662.00,14770.00,14422.50     
10/05/2021,14655.25,14493.75,14754.75,14410.50     
10/04/2021,14462.25,14785.00,14835.00,14367.75      
10/01/2021,14761.75,14702.25,14818.00,14537.00     
09/30/2021,14682.50,14769.75,14883.50,14670.25      
09/29/2021,14739.75,14769.25,14926.00,14711.00      
09/28/2021,14764.75,15172.25,15192.25,14740.75      
09/27/2021,15194.75,15319.00,15399.25,15084.00      
09/24/2021,15318.75,15300.25,15334.25,15176.75     
09/23/2021,15303.50,15178.25,15347.00,15175.25     
09/22/2021,15163.50,14992.75,15227.00,14930.50     
09/21/2021,15024.00,14992.00,15163.25,14963.25     
09/20/2021,15009.50,15284.00,15338.25,14807.50      
09/17/2021,15486.67,15502.75,15547.00,15474.00    
09/16/2021,15517.75,15516.50,15542.00,15369.50     
09/15/2021,15504.00,15395.50,15521.75,15315.25     
09/14/2021,15387.00,15452.25,15530.75,15351.25      
09/13/2021,15436.75,15452.50,15565.00,15350.25      
09/11/2021,15447.75,15447.80,15447.80,15447.75     
09/10/2021,15441.50,15561.00,15668.00,15433.50      
09/09/2021,15558.75,15610.00,15675.75,15545.75      
09/08/2021,15620.00,15671.00,15691.00,15523.75      
09/07/2021,15674.75,15656.00,15708.75,15606.75      
09/06/2021,15691.00,15652.75,15707.75,15642.75    
09/05/2021,15652.25,15655.00,15663.50,15652.25    
09/04/2021,15655.00,15655.00,15655.00,15655.00
09/03/2021,15651.50,15601.00,15677.50,15552.25     
09/02/2021,15601.00,15610.00,15682.00,15551.75      
09/01/2021,15609.25,15599.50,15699.00,15578.50     
08/31/2021,15582.50,15605.50,15677.25,15517.75      
08/30/2021,15597.50,15432.75,15617.75,15420.00     
08/28/2021,15428.25,15428.20,15428.25,15428.20     
08/27/2021,15426.50,15286.00,15443.75,15265.50     
08/26/2021,15274.75,15367.25,15368.25,15255.25      
08/25/2021,15364.25,15362.25,15397.00,15333.00     
08/24/2021,15355.50,15327.00,15384.00,15309.50     
08/23/2021,15304.50,15090.00,15337.50,15086.50     
08/21/2021,15095.00,15095.00,15095.00,15095.00
08/20/2021,15086.75,14943.25,15100.00,14851.00     
08/19/2021,14928.00,14840.00,14999.00,14710.50     
08/18/2021,14849.25,14970.25,15037.25,14806.50      
08/17/2021,14997.50,15131.50,15133.75,14897.00      
08/16/2021,15134.00,15119.25,15139.00,14917.25     
08/14/2021,15122.00,15122.00,15122.00,15122.00
08/13/2021,15125.75,15079.75,15141.75,15055.25     
08/12/2021,15078.50,15008.50,15090.50,14941.25     
08/11/2021,15019.50,15045.00,15119.00,14963.00      
08/10/2021,15044.50,15128.75,15157.25,14994.50      
08/09/2021,15125.25,15090.25,15145.50,15003.25     
08/06/2021,15095.50,15167.75,15169.75,15047.25      
08/05/2021,15167.75,15081.75,15172.50,15069.25     
08/04/2021,15073.50,15038.00,15108.00,14997.00     
08/03/2021,15046.25,14962.25,15050.00,14849.00     
08/02/2021,14952.75,14972.75,15056.25,14932.25      
07/31/2021,14966.50,14966.50,14966.50,14966.00
07/30/2021,14955.75,14905.25,14980.00,14811.25      
07/29/2021,15037.75,14984.75,15084.00,14905.00     
07/28/2021,15011.50,14875.75,15074.50,14866.00     
07/27/2021,14947.75,15125.25,15131.50,14774.25      
07/26/2021,15117.75,15098.00,15134.00,15038.75     
07/23/2021,15098.00,14979.50,15117.25,14934.25     
07/22/2021,14928.50,14836.75,14982.75,14826.75     
07/21/2021,14827.75,14729.75,14839.50,14668.25     
07/20/2021,14722.75,14593.75,14782.50,14516.75     
07/19/2021,14540.75,14675.00,14682.50,14445.00      
07/16/2021,14670.50,14778.50,14869.50,14656.00      
07/15/2021,14787.50,14895.00,14962.75,14708.25      
07/14/2021,14891.75,14869.75,14996.00,14841.25     
07/13/2021,14865.00,14880.00,14994.75,14794.50      
07/12/2021,14869.25,14824.00,14888.50,14785.00     
07/09/2021,14810.50,14710.25,14832.00,14640.75     
07/08/2021,14712.25,14812.00,14822.00,14540.50      
07/07/2021,14802.25,14764.50,14883.75,14726.25     
07/06/2021,14775.50,14704.25,14790.00,14625.25     
07/05/2021,14714.38,14715.50,14718.50,14675.10
07/04/2021,14715.12,14700.88,14721.62,14700.00
07/02/2021,14713.75,14543.75,14729.00,14513.25     
07/01/2021,14548.50,14558.50,14606.25,14471.00     
06/30/2021,14549.00,14584.75,14598.50,14518.25      
06/29/2021,14563.00,14504.50,14584.75,14468.75     
06/28/2021,14512.50,14350.00,14519.75,14333.25     
06/25/2021,14339.00,14365.75,14394.25,14313.25      
06/24/2021,14354.25,14275.25,14422.00,14270.00     
06/23/2021,14263.00,14274.00,14315.75,14231.75     
06/22/2021,14258.25,14136.75,14279.25,14066.50     
06/21/2021,14130.00,14022.75,14144.00,13958.50     
06/18/2021,14107.43,14183.75,14214.25,14063.50    
06/17/2021,14165.50,13948.50,14217.75,13850.25     
06/16/2021,13981.25,14046.75,14103.75,13840.00      
06/15/2021,14030.25,14119.50,14163.00,14009.25      
06/14/2021,14124.75,13999.00,14133.50,13965.25     
06/11/2021,13994.25,13975.50,13997.75,13932.25     
06/10/2021,13959.75,13817.00,13976.50,13726.00     
06/09/2021,13814.25,13813.00,13904.25,13803.50     
06/08/2021,13811.50,13823.00,13917.25,13741.75     
06/07/2021,13804.25,13773.25,13824.00,13691.50     
06/04/2021,13766.75,13531.75,13783.75,13467.75     
06/03/2021,13529.25,13679.50,13707.75,13462.25      
06/02/2021,13673.75,13653.25,13712.75,13603.25     
06/01/2021,13648.75,13699.00,13773.00,13592.25      
05/31/2021,13686.25,13711.25,13717.88,13652.70
05/30/2021,13712.88,13690.00,13719.38,13690.00
05/28/2021,13686.50,13694.75,13763.50,13662.75     
05/27/2021,13665.50,13702.50,13720.75,13620.25      
05/26/2021,13700.25,13670.25,13728.50,13656.00     
05/25/2021,13656.25,13656.50,13738.75,13606.75     
05/24/2021,13635.25,13383.25,13686.00,13356.50     
05/21/2021,13405.00,13492.50,13570.00,13395.75      
05/20/2021,13486.50,13220.50,13522.75,13150.75     
05/19/2021,13233.50,13182.00,13243.00,12954.25     
05/18/2021,13212.00,13308.50,13432.25,13178.50      
05/17/2021,13303.50,13380.25,13448.50,13182.75      
05/14/2021,13387.00,13095.00,13426.25,13071.00     
05/13/2021,13100.25,12968.75,13223.75,12915.00     
05/12/2021,12998.50,13321.25,13351.75,12959.75      
05/11/2021,13346.00,13316.50,13375.75,13065.25      
05/10/2021,13356.75,13718.00,13752.00,13305.50      
05/07/2021,13709.75,13614.50,13818.00,13588.25     
05/06/2021,13597.75,13484.00,13611.50,13388.75     
05/05/2021,13491.00,13525.75,13665.50,13462.75      
05/04/2021,13536.00,13785.00,13792.50,13380.75      
05/03/2021,13790.00,13880.25,13947.50,13772.00      
04/30/2021,13850.00,13948.25,13956.75,13819.75      
04/29/2021,13953.50,13973.50,14064.00,13818.50     
04/28/2021,13892.25,13955.50,13993.50,13878.00      
04/27/2021,13953.00,14024.75,14050.00,13912.50      
04/26/2021,14011.50,13919.75,14039.25,13865.50     
04/23/2021,13927.00,13757.00,13981.00,13737.00     
04/22/2021,13750.25,13896.50,13944.75,13701.75      
04/21/2021,13919.25,13740.00,13926.50,13700.50     
04/20/2021,13794.25,13900.00,13933.75,13719.25      
04/19/2021,13897.25,13989.00,14052.25,13821.00      
04/16/2021,14029.50,14002.00,14059.50,13952.75     
04/15/2021,14014.00,13827.00,14034.25,13789.25     
04/14/2021,13798.75,13977.75,14029.00,13772.75      
04/13/2021,13975.75,13825.00,13994.00,13772.75     
04/12/2021,13808.75,13817.75,13832.25,13732.00      
04/09/2021,13829.50,13786.50,13841.75,13648.25     
04/08/2021,13747.75,13620.75,13789.75,13615.50     
04/07/2021,13604.75,13580.50,13641.00,13512.50     
04/06/2021,13570.00,13603.75,13655.00,13524.25      
04/05/2021,13585.50,13339.00,13615.00,13304.25     
04/02/2021,13316.00,13330.50,13393.00,13325.50    
04/01/2021,13316.00,13094.50,13332.50,13090.25     
03/31/2021,13089.75,12894.75,13158.00,12858.25     
03/30/2021,12878.25,12975.00,12984.00,12776.50      
03/29/2021,12944.50,12975.75,13003.00,12807.50      
03/26/2021,12966.75,12799.75,12988.50,12676.25     
03/25/2021,12770.50,12803.00,12859.50,12609.75      
03/24/2021,12794.00,13050.25,13145.25,12784.00      
03/23/2021,13006.25,13069.00,13172.00,12979.00      
03/22/2021,13071.75,12807.00,13157.00,12788.50     
03/19/2021,12808.76,12818.25,12919.00,12732.75   
03/18/2021,12795.50,13200.50,13279.00,12777.50      
03/17/2021,13201.50,13174.75,13283.25,12946.50     
03/16/2021,13151.50,13084.75,13298.00,13056.50     
03/15/2021,13078.50,12950.00,13099.00,12872.00     
03/12/2021,12933.50,13055.00,13095.00,12768.25      
03/11/2021,13048.25,12795.25,13119.25,12724.25     
03/10/2021,12749.25,12812.00,12993.25,12703.00      
03/09/2021,12788.75,12345.75,12867.50,12326.00     
03/08/2021,12297.25,12715.00,12761.25,12281.75      
03/05/2021,12663.75,12435.00,12697.75,12207.25   
03/04/2021,12455.00,12682.00,12797.00,12306.50    
03/03/2021,12681.75,13061.25,13192.00,12663.25      
03/02/2021,13055.25,13312.25,13328.25,13048.25      
03/01/2021,13279.75,12957.50,13318.00,12946.25     
02/26/2021,12911.00,12802.50,13089.50,12662.25     
02/25/2021,12831.75,13304.75,13353.75,12764.00      
02/24/2021,13302.00,13170.75,13334.00,12958.00     
02/23/2021,13192.00,13227.00,13335.75,12757.25      
02/22/2021,13224.25,13585.00,13629.00,13215.00      
02/19/2021,13576.00,13638.25,13729.00,13534.75      
02/18/2021,13633.00,13699.50,13723.25,13468.00      
02/17/2021,13699.75,13758.25,13785.00,13543.00      
02/16/2021,13767.75,13829.50,13900.50,13716.00      
02/15/2021,13858.38,13825.25,13878.25,13823.00
02/14/2021,13825.38,13840.75,13840.75,13819.00
02/12/2021,13804.75,13711.25,13820.75,13646.00     
02/11/2021,13729.00,13662.00,13743.75,13612.50     
02/10/2021,13643.50,13698.00,13769.25,13516.75      
02/09/2021,13680.25,13683.50,13735.25,13634.00      
02/08/2021,13683.00,13623.75,13693.00,13596.00     
02/05/2021,13598.00,13560.00,13638.50,13519.50     
02/04/2021,13547.50,13429.50,13568.75,13345.25     
02/03/2021,13394.25,13506.00,13584.50,13386.75      
02/02/2021,13449.00,13232.50,13509.75,13230.50     
02/01/2021,13236.50,12849.00,13271.50,12727.25     
01/29/2021,12911.25,13156.00,13188.00,12829.00      
01/28/2021,13186.00,13052.50,13394.00,12906.25     
01/27/2021,13105.50,13551.00,13586.50,12884.75      
01/26/2021,13485.50,13459.75,13599.75,13380.25     
01/25/2021,13475.50,13370.00,13554.50,13189.00     
01/22/2021,13361.50,13394.00,13402.25,13300.25      
01/21/2021,13395.50,13288.50,13423.50,13283.25     
01/20/2021,13294.25,13030.00,13327.00,13017.00     
01/19/2021,12985.50,12774.25,13032.75,12727.00     
01/18/2021,12832.50,12743.75,12835.00,12727.00
01/17/2021,12747.38,12764.50,12795.62,12735.20
01/15/2021,12802.25,12909.00,12931.25,12743.50      
01/14/2021,12901.00,12975.50,13028.75,12881.00      
01/13/2021,12972.25,12882.50,13003.00,12820.75     
01/12/2021,12890.25,12910.75,12959.00,12767.25      
01/11/2021,12897.00,13093.25,13105.25,12871.75      
01/08/2021,13097.25,12927.00,13125.00,12919.00     
01/07/2021,12928.00,12658.50,12959.00,12646.50     
01/06/2021,12616.75,12800.25,12844.25,12491.25      
01/05/2021,12793.50,12682.75,12809.00,12612.00     
01/04/2021,12685.50,12889.00,12959.75,12522.50      
01/01/2021,12883.00,12883.00,12883.00,12883.00
12/31/2020,12885.50,12840.00,12896.00,12796.50     
12/30/2020,12841.50,12860.75,12909.75,12820.50     
12/29/2020,12841.00,12845.25,12918.25,12808.25     
12/28/2020,12832.75,12676.25,12855.50,12655.25     
12/24/2020,12704.50,12660.75,12724.00,12631.50     
12/23/2020,12651.25,12704.75,12738.75,12623.50      
12/22/2020,12710.00,12698.25,12760.00,12593.50     
12/21/2020,12683.50,12760.00,12782.50,12461.00      
12/18/2020,12800.06,12744.25,12823.00,12708.00   
12/17/2020,12751.00,12677.00,12766.25,12667.50    
12/16/2020,12665.25,12599.50,12699.75,12567.75     
12/15/2020,12591.75,12460.50,12604.75,12417.00     
12/14/2020,12456.50,12405.50,12545.00,12386.50     
12/11/2020,12368.00,12391.00,12414.25,12234.25      
12/10/2020,12402.00,12342.75,12449.00,12218.25     
12/09/2020,12367.00,12657.25,12675.00,12306.75      
12/08/2020,12637.50,12574.00,12652.50,12502.00     
12/07/2020,12596.00,12525.00,12612.25,12474.75     
12/04/2020,12526.00,12487.00,12535.75,12448.50     
12/03/2020,12462.25,12472.00,12540.25,12444.00     
12/02/2020,12454.25,12456.25,12473.50,12312.50     
12/01/2020,12452.25,12336.00,12512.25,12312.00     
11/30/2020,12277.00,12286.50,12337.25,12086.00     
11/27/2020,12257.50,12168.25,12307.50,12127.00     
11/26/2020,12157.75,12179.00,12221.00,12127.00
11/25/2020,12152.25,12098.50,12177.75,12077.50     
11/24/2020,12076.00,11909.75,12104.50,11872.75     
11/23/2020,11905.25,11894.00,12001.75,11808.25     
11/20/2020,11905.75,11960.00,12021.00,11873.50      
11/19/2020,11987.25,11876.00,12000.00,11804.50     
11/18/2020,11897.00,11972.00,12027.50,11861.50      
11/17/2020,11975.00,12061.25,12096.25,11953.75      
11/16/2020,12005.00,11957.25,12065.00,11851.75     
11/13/2020,11933.50,11857.00,11952.75,11801.75     
11/12/2020,11820.00,11898.50,11975.75,11775.75      
11/11/2020,11886.00,11632.25,11917.75,11575.25     
11/10/2020,11618.25,11863.50,11901.50,11503.25      
11/09/2020,11820.50,12139.25,12408.75,11812.25      
11/06/2020,12075.00,12088.50,12109.00,11868.25      
11/05/2020,12076.50,11830.00,12119.50,11771.25     
11/04/2020,11763.00,11264.00,11843.75,11230.25     
11/03/2020,11265.75,11074.75,11347.00,11064.50     
11/02/2020,11063.25,11034.50,11212.00,10942.25     
10/30/2020,11046.25,11213.25,11281.25,10944.50      
10/29/2020,11342.75,11180.50,11457.75,11145.00     
10/28/2020,11132.75,11558.50,11566.75,11123.75      
10/27/2020,11588.00,11499.50,11623.00,11478.25     
10/26/2020,11492.25,11634.00,11695.50,11343.25      
10/23/2020,11663.50,11669.25,11691.75,11551.00     
10/22/2020,11649.75,11683.50,11724.00,11511.00      
10/21/2020,11691.25,11675.25,11779.25,11585.00     
10/20/2020,11660.75,11697.50,11792.00,11598.50     
10/19/2020,11650.25,11816.75,11950.50,11591.25      
10/16/2020,11798.00,11891.00,12022.00,11792.00      
10/15/2020,11874.00,11950.00,11983.25,11736.50      
10/14/2020,11974.25,12079.75,12178.00,11901.75      
10/13/2020,12094.00,12100.00,12249.00,12019.00      
10/12/2020,12098.25,11722.75,12197.00,11687.75     
10/09/2020,11724.75,11562.00,11739.00,11552.50     
10/08/2020,11539.00,11473.25,11578.75,11469.75     
10/07/2020,11470.00,11220.50,11506.50,11208.00     
10/06/2020,11273.75,11473.00,11524.50,11197.50      
10/05/2020,11469.25,11308.50,11497.50,11267.50     
10/02/2020,11233.25,11566.75,11604.75,11204.50      
10/01/2020,11574.75,11375.00,11599.25,11375.00     
09/30/2020,11407.25,11321.00,11526.00,11167.00     
09/29/2020,11337.75,11388.00,11448.75,11289.50      
09/28/2020,11394.75,11145.00,11404.00,11140.25     
09/25/2020,11136.50,10914.25,11166.25,10813.75     
09/24/2020,10891.75,10803.50,11011.75,10660.25     
09/23/2020,10829.00,11160.50,11222.00,10786.00      
09/22/2020,11149.50,10966.25,11191.00,10897.50     
09/21/2020,10989.00,10920.00,11009.75,10656.50      
09/18/2020,11144.81,11082.00,11179.25,11037.00
09/17/2020,11090.00,11269.50,11302.50,10918.75      
09/16/2020,11268.75,11467.50,11550.00,11237.50      
09/15/2020,11464.25,11278.50,11495.50,11247.75     
09/14/2020,11280.50,11104.00,11362.75,11104.00     
09/11/2020,11061.50,11187.00,11356.25,10937.50      
09/10/2020,11178.25,11377.75,11566.75,11088.00      
09/09/2020,11392.75,11006.00,11478.75,10935.25     
09/08/2020,11060.50,11531.00,11585.00,11040.50    
09/07/2020,11560.00,11419.62,11584.62,11372.00
09/06/2020,11418.62,11538.88,11546.25,11309.00
09/04/2020,11548.75,11745.00,11843.00,11142.00    
09/03/2020,11800.50,12408.50,12438.75,11658.50      
09/02/2020,12411.50,12325.50,12465.25,12172.25     
09/01/2020,12312.50,12109.75,12328.75,12093.00     
08/31/2020,12114.00,12002.75,12165.00,11988.25     
08/28/2020,11991.75,11953.25,12018.25,11920.50     
08/27/2020,11952.75,11984.50,12046.00,11834.75      
08/26/2020,11991.25,11739.50,12001.50,11726.75     
08/25/2020,11726.25,11636.00,11742.25,11574.75     
08/24/2020,11636.25,11581.00,11722.50,11528.25     
08/21/2020,11562.00,11480.00,11573.50,11407.00     
08/20/2020,11477.25,11327.00,11496.50,11221.50     
08/19/2020,11332.00,11414.25,11438.00,11299.00      
08/18/2020,11409.25,11285.50,11415.25,11268.00     
08/17/2020,11286.75,11145.00,11300.50,11142.25     
08/14/2020,11133.75,11180.50,11237.75,11096.00      
08/13/2020,11175.25,11115.50,11266.00,11094.25     
08/12/2020,11126.00,10928.50,11185.75,10878.50     
08/11/2020,10878.50,11072.25,11157.75,10845.50      
08/10/2020,11072.00,11140.25,11156.50,10928.25      
08/07/2020,11122.75,11260.50,11283.25,11035.25      
08/06/2020,11261.25,11094.00,11271.75,11051.25     
08/05/2020,11091.75,11080.50,11144.00,11055.75     
08/04/2020,11086.00,11054.00,11094.75,10983.00     
08/03/2020,11044.25,10933.25,11073.00,10876.25     
07/31/2020,10890.50,10906.50,10939.00,10691.00     
07/30/2020,10794.00,10700.00,10897.25,10502.75     
07/29/2020,10674.25,10558.00,10699.75,10512.25     
07/28/2020,10540.00,10682.50,10758.50,10514.00      
07/27/2020,10675.25,10490.00,10684.00,10401.00     
07/24/2020,10459.00,10565.50,10597.00,10301.00      
07/23/2020,10548.25,10850.00,10938.50,10514.50      
07/22/2020,10804.25,10850.75,10916.25,10761.25      
07/21/2020,10851.00,10952.25,11058.00,10784.75      
07/20/2020,10951.00,10621.25,10964.50,10546.25     
07/17/2020,10622.50,10532.25,10669.75,10523.75     
07/16/2020,10511.75,10693.00,10698.25,10475.50      
07/15/2020,10683.25,10706.00,10766.50,10551.25     
07/14/2020,10646.25,10602.00,10693.00,10358.75     
07/13/2020,10600.00,10848.25,11058.50,10561.50      
07/10/2020,10837.25,10727.00,10847.50,10625.50     
07/09/2020,10727.50,10674.25,10774.25,10560.00     
07/08/2020,10662.25,10526.00,10673.00,10505.25     
07/07/2020,10532.25,10600.00,10694.50,10505.75      
07/06/2020,10598.50,10347.25,10614.50,10341.50     
07/03/2020,10328.88,10348.00,10389.25,10310.20
07/02/2020,10355.75,10258.50,10422.25,10246.50     
07/01/2020,10268.75,10141.00,10310.00,10076.00